"filename", "language", "JavaScript", "JSON with Comments", "JSON", "Vue", "Markdown", "Properties", "HTML", "comment", "blank", "total"
"c:\Users\81801\Vue.js\shukatsuManagement\.env", "Properties", 0, 0, 0, 0, 0, 2, 0, 0, 0, 2
"c:\Users\81801\Vue.js\shukatsuManagement\README.md", "Markdown", 0, 0, 0, 0, 22, 0, 0, 0, 14, 36
"c:\Users\81801\Vue.js\shukatsuManagement\index.html", "HTML", 0, 0, 0, 0, 0, 0, 15, 2, 3, 20
"c:\Users\81801\Vue.js\shukatsuManagement\jsconfig.json", "JSON with Comments", 0, 8, 0, 0, 0, 0, 0, 0, 1, 9
"c:\Users\81801\Vue.js\shukatsuManagement\package-lock.json", "JSON", 0, 0, 4771, 0, 0, 0, 0, 0, 1, 4772
"c:\Users\81801\Vue.js\shukatsuManagement\package.json", "JSON", 0, 0, 36, 0, 0, 0, 0, 0, 1, 37
"c:\Users\81801\Vue.js\shukatsuManagement\server.js", "JavaScript", 11, 0, 0, 0, 0, 0, 0, 4, 6, 21
"c:\Users\81801\Vue.js\shukatsuManagement\src\App.vue", "Vue", 0, 0, 0, 12, 0, 0, 0, 1, 3, 16
"c:\Users\81801\Vue.js\shukatsuManagement\src\components\Calendar.vue", "Vue", 0, 0, 0, 76, 0, 0, 0, 7, 16, 99
"c:\Users\81801\Vue.js\shukatsuManagement\src\components\CompanyDetail.vue", "Vue", 0, 0, 0, 353, 0, 0, 0, 23, 80, 456
"c:\Users\81801\Vue.js\shukatsuManagement\src\components\CreateUser.vue", "Vue", 0, 0, 0, 175, 0, 0, 0, 9, 28, 212
"c:\Users\81801\Vue.js\shukatsuManagement\src\components\Home.vue", "Vue", 0, 0, 0, 373, 0, 0, 0, 8, 71, 452
"c:\Users\81801\Vue.js\shukatsuManagement\src\components\InterviewInfo.vue", "Vue", 0, 0, 0, 247, 0, 0, 0, 34, 56, 337
"c:\Users\81801\Vue.js\shukatsuManagement\src\components\Login.vue", "Vue", 0, 0, 0, 155, 0, 0, 0, 7, 28, 190
"c:\Users\81801\Vue.js\shukatsuManagement\src\components\Logout.vue", "Vue", 0, 0, 0, 49, 0, 0, 0, 1, 7, 57
"c:\Users\81801\Vue.js\shukatsuManagement\src\components\Menu.vue", "Vue", 0, 0, 0, 125, 0, 0, 0, 15, 6, 146
"c:\Users\81801\Vue.js\shukatsuManagement\src\components\Modal.vue", "Vue", 0, 0, 0, 66, 0, 0, 0, 6, 13, 85
"c:\Users\81801\Vue.js\shukatsuManagement\src\components\NotFoundComponent.vue", "Vue", 0, 0, 0, 49, 0, 0, 0, 0, 6, 55
"c:\Users\81801\Vue.js\shukatsuManagement\src\components\Result.vue", "Vue", 0, 0, 0, 84, 0, 0, 0, 6, 20, 110
"c:\Users\81801\Vue.js\shukatsuManagement\src\components\Schedule.vue", "Vue", 0, 0, 0, 89, 0, 0, 0, 9, 20, 118
"c:\Users\81801\Vue.js\shukatsuManagement\src\components\Search.vue", "Vue", 0, 0, 0, 50, 0, 0, 0, 3, 10, 63
"c:\Users\81801\Vue.js\shukatsuManagement\src\components\SelectionType.vue", "Vue", 0, 0, 0, 83, 0, 0, 0, 6, 20, 109
"c:\Users\81801\Vue.js\shukatsuManagement\src\main.js", "JavaScript", 6, 0, 0, 0, 0, 0, 0, 0, 2, 8
"c:\Users\81801\Vue.js\shukatsuManagement\src\router\index.js", "JavaScript", 57, 0, 0, 0, 0, 0, 0, 5, 5, 67
"c:\Users\81801\Vue.js\shukatsuManagement\src\supabase.js", "JavaScript", 4, 0, 0, 0, 0, 0, 0, 0, 3, 7
"c:\Users\81801\Vue.js\shukatsuManagement\vite.config.js", "JavaScript", 18, 0, 0, 0, 0, 0, 0, 1, 3, 22
"Total", "-", 96, 8, 4807, 1986, 22, 2, 15, 147, 423, 7506